{
    "security": {
        "nameIdEncrypted": false,
        "authnRequestsSigned": true,
        "logoutRequestSigned": false,
        "logoutResponseSigned": false,
        "signMetadata": false,
        "wantMessagesSigned": false,
        "wantAssertionsSigned": true,
        "wantNameId" : true,
        "wantNameIdEncrypted": false,
        "wantAssertionsEncrypted": false,
        "wantAttributeStatement": false,
        "failOnAuthnContextMismatch": false,
        "metadataValidUntil": null,
        "metadataCacheDuration": null,
        "requestedAuthnContext": false,
        "signatureAlgorithm": "http://www.w3.org/2001/04/xmldsig-more#rsa-sha256",
        "digestAlgorithm": "http://www.w3.org/2001/04/xmlenc#sha256"
    }
}